{"cameraMode":{"drawMode":0,"name":"Shaded","section":"Shading Mode"},"sceneLighting":false,"audioPlay":false,"sceneViewState":{"showFog":true,"showMaterialUpdate":true,"showSkybox":false,"showFlares":true,"showImageEffects":true,"showParticleSystems":true},"in2DMode":false,"pivot":{"x":9.48023796081543,"y":2.4219725131988527,"z":5.802639961242676},"rotation":{"x":0.010464910417795182,"y":0.9866459965705872,"z":-0.14640143513679505,"w":0.07052060216665268},"size":2.013699769973755,"orthographic":false}