{"cameraMode":{"drawMode":0,"name":"Shaded","section":"Shading Mode"},"sceneLighting":false,"audioPlay":false,"sceneViewState":{"showFog":true,"showMaterialUpdate":true,"showSkybox":false,"showFlares":true,"showImageEffects":true,"showParticleSystems":true},"in2DMode":false,"pivot":{"x":7.926684379577637,"y":2.010739803314209,"z":6.562224864959717},"rotation":{"x":0.03708271682262421,"y":0.9480693936347961,"z":-0.12039154022932053,"w":0.2920268177986145},"size":0.5735853910446167,"orthographic":false}