{"cameraMode":{"drawMode":0,"name":"Shaded","section":"Shading Mode"},"sceneLighting":false,"audioPlay":false,"sceneViewState":{"showFog":true,"showMaterialUpdate":true,"showSkybox":false,"showFlares":true,"showImageEffects":true,"showParticleSystems":true},"in2DMode":false,"pivot":{"x":1.8401191234588624,"y":1.4054579734802247,"z":8.453205108642579},"rotation":{"x":-0.024876102805137636,"y":0.4122520089149475,"z":-0.011260897852480412,"w":-0.9106519818305969},"size":10.099588394165039,"orthographic":false}