{"cameraMode":{"drawMode":0,"name":"Shaded","section":"Shading Mode"},"sceneLighting":false,"audioPlay":false,"sceneViewState":{"showFog":true,"showMaterialUpdate":true,"showSkybox":true,"showFlares":true,"showImageEffects":true,"showParticleSystems":true},"in2DMode":false,"pivot":{"x":7.417867660522461,"y":6.395114421844482,"z":6.915999412536621},"rotation":{"x":0.0023472225293517114,"y":0.9941132068634033,"z":0.022063525393605233,"w":-0.10597335547208786},"size":7.241629123687744,"orthographic":false}