{"cameraMode":{"drawMode":0,"name":"Shaded","section":"Shading Mode"},"sceneLighting":false,"audioPlay":false,"sceneViewState":{"showFog":true,"showMaterialUpdate":true,"showSkybox":false,"showFlares":true,"showImageEffects":true,"showParticleSystems":true},"in2DMode":false,"pivot":{"x":9.919111251831055,"y":1.5521202087402344,"z":4.0625715255737309},"rotation":{"x":0.032970599830150607,"y":0.9668494462966919,"z":-0.18825869262218476,"w":0.16930590569972993},"size":2.013699769973755,"orthographic":false}