{"cameraMode":{"drawMode":0,"name":"Shaded","section":"Shading Mode"},"sceneLighting":false,"audioPlay":false,"sceneViewState":{"showFog":true,"showMaterialUpdate":true,"showSkybox":false,"showFlares":true,"showImageEffects":true,"showParticleSystems":true},"in2DMode":false,"pivot":{"x":-0.49157482385635378,"y":-1.918618083000183,"z":-7.573919773101807},"rotation":{"x":0.0027068473864346744,"y":0.9852334856987,"z":-0.17044925689697267,"w":0.01562093198299408},"size":8.31513500213623,"orthographic":false}