{"cameraMode":{"drawMode":0,"name":"Shaded","section":"Shading Mode"},"sceneLighting":false,"audioPlay":false,"sceneViewState":{"showFog":true,"showMaterialUpdate":true,"showSkybox":false,"showFlares":true,"showImageEffects":true,"showParticleSystems":true},"in2DMode":false,"pivot":{"x":-8.378732681274414,"y":-2.6106224060058595,"z":7.292764186859131},"rotation":{"x":0.12769632041454316,"y":0.7068430781364441,"z":-0.13213984668254853,"w":0.6830771565437317},"size":1.2200384140014649,"orthographic":false}