{"cameraMode":{"drawMode":0,"name":"Shaded","section":"Shading Mode"},"sceneLighting":false,"audioPlay":false,"sceneViewState":{"showFog":true,"showMaterialUpdate":true,"showSkybox":false,"showFlares":true,"showImageEffects":true,"showParticleSystems":true},"in2DMode":false,"pivot":{"x":-0.38222968578338625,"y":-1.8465391397476197,"z":-3.3216238021850588},"rotation":{"x":0.013159586116671563,"y":0.9789813160896301,"z":-0.19214604794979096,"w":0.06702109426259995},"size":8.31513500213623,"orthographic":false}