{"cameraMode":{"drawMode":0,"name":"Shaded","section":"Shading Mode"},"sceneLighting":false,"audioPlay":false,"sceneViewState":{"showFog":true,"showMaterialUpdate":true,"showSkybox":false,"showFlares":true,"showImageEffects":true,"showParticleSystems":true},"in2DMode":false,"pivot":{"x":0.7457423806190491,"y":0.4319474399089813,"z":-4.260566234588623},"rotation":{"x":-0.00047979375813156366,"y":0.9934602379798889,"z":0.004162400495260954,"w":0.11405033618211746},"size":4.8353142738342289,"orthographic":false}