{"cameraMode":{"drawMode":0,"name":"Shaded","section":"Shading Mode"},"sceneLighting":false,"audioPlay":false,"sceneViewState":{"showFog":true,"showMaterialUpdate":true,"showSkybox":false,"showFlares":true,"showImageEffects":true,"showParticleSystems":true},"in2DMode":false,"pivot":{"x":-0.2646290063858032,"y":-2.2408251762390138,"z":-7.008718490600586},"rotation":{"x":-0.00031282135751098394,"y":0.9889404773712158,"z":-0.148257777094841,"w":-0.0021225775126367809},"size":8.31513500213623,"orthographic":false}