{"cameraMode":{"drawMode":0,"name":"Shaded","section":"Shading Mode"},"sceneLighting":false,"audioPlay":false,"sceneViewState":{"showFog":true,"showMaterialUpdate":true,"showSkybox":false,"showFlares":true,"showImageEffects":true,"showParticleSystems":true},"in2DMode":false,"pivot":{"x":-0.5122358798980713,"y":-1.247285008430481,"z":-6.025421142578125},"rotation":{"x":-0.0011237433645874262,"y":0.9930757284164429,"z":-0.11703343689441681,"w":-0.009579702280461789},"size":8.31513500213623,"orthographic":false}