{"cameraMode":{"drawMode":0,"name":"Shaded","section":"Shading Mode"},"sceneLighting":false,"audioPlay":false,"sceneViewState":{"showFog":true,"showMaterialUpdate":true,"showSkybox":false,"showFlares":true,"showImageEffects":true,"showParticleSystems":true},"in2DMode":false,"pivot":{"x":16.279293060302736,"y":2.6705148220062258,"z":-3.0442209243774416},"rotation":{"x":-0.01670289970934391,"y":0.956242024898529,"z":0.05570666864514351,"w":0.2867096960544586},"size":10.588013648986817,"orthographic":false}