{"cameraMode":{"drawMode":0,"name":"Shaded","section":"Shading Mode"},"sceneLighting":false,"audioPlay":false,"sceneViewState":{"showFog":true,"showMaterialUpdate":true,"showSkybox":false,"showFlares":true,"showImageEffects":true,"showParticleSystems":true},"in2DMode":false,"pivot":{"x":-0.6943846344947815,"y":-0.3378026485443115,"z":0.5261481404304504},"rotation":{"x":0.14114481210708619,"y":0.851232647895813,"z":-0.29043301939964297,"w":0.4136650860309601},"size":8.31513500213623,"orthographic":false}